Name,Age,City
Alice,30,New York

"孝褉褍斜邪 Uponor Radi P褨P械 25褏3,5 (50 屑)",屑,300,"38,41"
袟邪褏懈褋薪邪 芯斜芯谢芯薪泻邪 29-34 褋懈薪褟,屑,2063,"4,00"
"孝褉褍斜邪 Uponor Radi P褨P械 20褏2,8",屑,104,"22,93"
袟邪褏懈褋薪邪 芯斜芯谢芯薪泻邪 24-28 褋懈薪褟,褕褌,204,"3,00"
Uponor 袚褨谢褜蟹邪 25,褕褌,1653,"5,530"
Uponor 袚褨谢褜蟹邪 20,褕褌,1000,"4,15"
孝褉褨泄薪懈泻 Uponor PPSU 25褏25褏25,褕褌,7,"58,02"
孝褉褨泄薪懈泻 Uponor PPSU 25褏25褏20,褕褌,216,"58,020"
孝褉褨泄薪懈泻 Uponor PPSU 25褏20褏25,褕褌,104,"58,02"
"Uponor 袙芯写芯褉芯蟹械褌泻邪 锌褨写 薪邪褋褌褨薪薪褍 泻芯褉芯斜泻褍  SP 25褏3/4"" 袙袪",褕褌,180,"229,920"
Uponor Smart Aqua 袧邪褋褌褨薪薪懈泄 泻芯褉芯斜,褕褌,180,"21,860"
Uponor Smart Aqua 袦芯薪褌邪卸薪邪 锌谢邪薪泻邪 泻褍褌芯胁邪 芯写懈薪邪褉薪邪,褕褌,180,"92,73"
Uponor 袟邪谐谢褍褕泻邪 20,褕褌,150,"14,370"
孝褉褨泄薪懈泻 Uponor PPSU 20褏20褏20,褕褌,5,"36,750"
孝褉褨泄薪懈泻 Uponor PPSU 25褏20褏20,褕褌,1,"58,02"
"Uponor 楔褌褍褑械褉 褨蟹 胁薪褍褌褉.褉褨蟹褜斜芯褞  25褏3/4""",褕褌,90,"120,470"